{
  "entries": [
    {
      "key": "MDAwMDAwMDAwMDAwMDAwMDAwMDExMTAwMDAwMDAwMDAxMTExMTExMTExMTExMTExMTAwMDAwMDAwMDAwMDAwMDAwMDAwMDAwMDAxMTExMTExMTExMTEwMDAwMDAwMDAwMDAwMTExMTAwMDAwMDAwMDAw",
      "pttl": null,
      "type": "string",
      "value": {
        "data": "ABoyMDI2LTAxLTI1VDE5OjQwOjE1LjgwNDQxOAwAKXDU3Ntuwoo=",
        "encoding": "dump"
      }
    },
    {
      "key": "MDAwMTExMTExMDAwMDAwMDAwMDAwMDAwMDAwMDAwMDAxMTExMTExMTExMTExMTExMDAwMDAwMTExMTExMTExMTExMTExMTExMTExMTExMTExMTExMTExMTExMTExMTExMTExMTExMTExMTExMTExMTEx",
      "pttl": null,
      "type": "string",
      "value": {
        "data": "ABoyMDI2LTAxLTI1VDE5OjQwOjE1Ljk4MTk5MAwAeS83WlsFZxI=",
        "encoding": "dump"
      }
    },
    {
      "key": "MDAwMTExMTExMTExMTExMTExMDAwMDAwMDAwMDAwMDAxMTExMTExMTExMTExMTExMTExMDAwMTExMTExMTExMTExMDAwMDAwMDAwMDAwMDAwMDAwMDAwMDAwMDAwMDAwMDAwMDAwMDAxMTExMTExMTEx",
      "pttl": null,
      "type": "string",
      "value": {
        "data": "ABoyMDI2LTAxLTI1VDE5OjQwOjE2LjA5ODAzNQwA21WNxlGOUEA=",
        "encoding": "dump"
      }
    },
    {
      "key": "MDAwMTExMTExMTExMTExMTExMTEwMDAwMDAwMDAwMDAxMTExMTExMTExMTExMTEwMDAwMDAwMTExMTExMTExMTExMTExMTExMTExMTExMTExMTExMTExMTExMTExMTExMTExMTExMTExMTExMTExMTEx",
      "pttl": null,
      "type": "string",
      "value": {
        "data": "ABoyMDI2LTAxLTI1VDE5OjQwOjE2LjgyNzM3OAwAlj2hkZJUKkc=",
        "encoding": "dump"
      }
    }
  ],
  "metadata": {
    "created_at_utc": "2026-01-25T18:40:16.886756Z",
    "key_count": 4,
    "scan_count": 1000,
    "source": {
      "db": 2,
      "host": "localhost",
      "port": 6379
    },
    "type_summary": {
      "string": 4
    }
  }
}