{
  "entries": [
    {
      "key": "MTEwMDAwMDAwMDAwMDAwMDAwMDAwMDAwMDAwMDAwMTEwMDAwMDAwMDAwMDAwMDAwMDAwMDAwMTEwMDAwMDAwMDAwMDAwMDAwMDAwMDAwMDAwMDAwMDAwMDExMTExMTExMTAwMDAwMDAwMDAwMDAwMDAw",
      "pttl": null,
      "type": "string",
      "value": {
        "data": "ADF7InRlc3RfaW5kZXgiOiAxLCAidGltZXN0YW1wIjogMTc2OTM2NjQwNC4xNzY1ODd9DABLZvJ1T3I0/A==",
        "encoding": "dump"
      }
    },
    {
      "key": "MTExMDAwMDAwMDAwMDAwMDAwMDAwMDAwMDAwMDAwMTEwMDAwMDAwMDAwMDAwMDAwMDAwMDAwMTExMTExMDAwMDAwMDAwMDAwMDAwMDAwMDAwMDAwMDAwMDAwMDAwMDAwMDExMTExMTExMTEwMDAwMDAw",
      "pttl": null,
      "type": "string",
      "value": {
        "data": "ADN7InRlc3RfaW5kZXgiOiAxOCwgInRpbWVzdGFtcCI6IDE3NjkzNjY0MDQuMTk5Mzc2OH0MADwdkDCFAk2z",
        "encoding": "dump"
      }
    },
    {
      "key": "MTExMDAwMDAwMDAwMDAwMDAwMDAwMDAwMDAwMDAwMTExMDAwMDAwMDAwMDAwMDAwMDAwMDAwMDAwMDAxMTAwMDAwMDAwMDAwMDAwMDAwMDAwMDAwMDAwMDAwMDAwMDAwMDAwMDAwMDAwMDAxMTExMTAw",
      "pttl": null,
      "type": "string",
      "value": {
        "data": "ADF7InRlc3RfaW5kZXgiOiA5LCAidGltZXN0YW1wIjogMTc2OTM2NjQwNC4xOTU1NDJ9DABIqwHZ/l6fNA==",
        "encoding": "dump"
      }
    },
    {
      "key": "MTExMDAwMDAwMDAwMDAwMDAwMDAwMDAwMDAwMDAwMTExMDAwMDAwMDAwMDAwMDAwMDAwMDAwMTExMTExMDAwMDAwMDAwMDAwMDAwMDAwMDAwMDAwMDAwMDAwMDAwMDAwMDAwMDAwMDAwMDExMTExMTEx",
      "pttl": null,
      "type": "string",
      "value": {
        "data": "ADN7InRlc3RfaW5kZXgiOiAxNywgInRpbWVzdGFtcCI6IDE3NjkzNjY0MDQuMTk5MDA1OH0MAOW6+U/4BvB6",
        "encoding": "dump"
      }
    }
  ],
  "metadata": {
    "created_at_utc": "2026-01-25T18:40:05.647804Z",
    "key_count": 4,
    "scan_count": 1000,
    "source": {
      "db": 8,
      "host": "localhost",
      "port": 6379
    },
    "type_summary": {
      "string": 4
    }
  }
}