{
  "entries": [
    {
      "key": "MDAxMTAwMDAwMDAwMDAwMDAwMDAwMDAwMDAwMDAwMDAxMTEwMDAwMDAwMDAwMDAwMDAwMDAwMDExMDAwMDAwMDAwMDAwMDAwMDAwMDAwMDAwMDAwMDAwMDExMTAwMDAwMDAwMDAwMDAwMDAwMDAwMDAw",
      "pttl": null,
      "type": "string",
      "value": {
        "data": "ABoyMDI2LTAxLTI1VDE5OjQwOjI5LjMxNjE4MgwAfrVPT8Tv7sI=",
        "encoding": "dump"
      }
    },
    {
      "key": "MTExMDAwMDAwMDAwMDAwMDAwMDAwMDAwMDAwMDAwMDAwMDExMDAwMDAwMDAwMDAwMDAwMDAwMDAwMDAwMTExMTEwMDAwMDAwMDAwMDAwMDAwMDAwMDAwMDAwMTExMTExMTExMTEwMDAwMDAwMDAwMDAw",
      "pttl": null,
      "type": "string",
      "value": {
        "data": "ABoyMDI2LTAxLTI1VDE5OjQwOjI5LjMwNzU5OQwA7jkELjnwWlw=",
        "encoding": "dump"
      }
    }
  ],
  "metadata": {
    "created_at_utc": "2026-01-25T18:40:29.388063Z",
    "key_count": 2,
    "scan_count": 1000,
    "source": {
      "db": 3,
      "host": "localhost",
      "port": 6379
    },
    "type_summary": {
      "string": 2
    }
  }
}