{
  "entries": [
    {
      "key": "MDAxMTAwMDAwMDAwMDAwMDAwMDAwMDAwMDAwMDAwMDAxMTEwMDAwMDAwMDAwMDAwMDAwMDAwMDExMDAwMDAwMDAwMDAwMDAwMDAwMDAwMDAwMDAwMDAwMDExMTAwMDAwMDAwMDAwMDAwMDAwMDAwMDAw",
      "pttl": null,
      "type": "string",
      "value": {
        "data": "ABoyMDI2LTAxLTI1VDE5OjQwOjI5LjMxNzM0NwwAvwy+dFh/kr0=",
        "encoding": "dump"
      }
    },
    {
      "key": "MTExMDAwMDAwMDAwMDAwMDAwMDAwMDAwMDAwMDAwMDAwMDExMDAwMDAwMDAwMDAwMDAwMDAwMDAwMDAwMTExMTEwMDAwMDAwMDAwMDAwMDAwMDAwMDAwMDAwMTExMTExMTExMTEwMDAwMDAwMDAwMDAw",
      "pttl": null,
      "type": "string",
      "value": {
        "data": "ABoyMDI2LTAxLTI1VDE5OjQwOjI5LjMwODkwNwwA7zTN/mBXfWM=",
        "encoding": "dump"
      }
    }
  ],
  "metadata": {
    "created_at_utc": "2026-01-25T18:40:29.392795Z",
    "key_count": 2,
    "scan_count": 1000,
    "source": {
      "db": 5,
      "host": "localhost",
      "port": 6379
    },
    "type_summary": {
      "string": 2
    }
  }
}