{
  "entries": [
    {
      "key": "MTExMDAwMDAwMDAwMDAwMDAwMDAwMDAwMDAwMDAwMTExMTEwMDAwMDAwMDAwMDAwMDAwMDAwMTExMTExMTExMTExMTExMTExMTExMTExMTExMTExMTExMTExMTExMTExMTExMTExMTExMTExMTExMTEx",
      "pttl": null,
      "type": "string",
      "value": {
        "data": "ABoyMDI2LTAxLTI1VDE5OjQwOjI5LjMwMzExNwwAVGiUCTFIe68=",
        "encoding": "dump"
      }
    }
  ],
  "metadata": {
    "created_at_utc": "2026-01-25T18:40:29.386886Z",
    "key_count": 1,
    "scan_count": 1000,
    "source": {
      "db": 2,
      "host": "localhost",
      "port": 6379
    },
    "type_summary": {
      "string": 1
    }
  }
}