{
  "entries": [
    {
      "key": "MDAwMDAwMDAwMDAwMDAwMDAwMDAwMDAwMDAwMDExMDAwMDAwMDAwMDAwMDExMTEwMDAwMDAwMDAwMDAwMDAwMDAwMDAwMDAwMDAwMDAwMDAwMDAwMDAxMTAwMDAwMDAwMDAwMDExMTAwMDAwMDAwMDAw",
      "pttl": null,
      "type": "string",
      "value": {
        "data": "ADF7InRlc3RfaW5kZXgiOiA3LCAidGltZXN0YW1wIjogMTc2OTM2NjQyNS42MTkwMDZ9DADYi1g2e76TdA==",
        "encoding": "dump"
      }
    },
    {
      "key": "MDAwMDAwMDAwMDAwMDAwMDAwMDAwMDAwMDExMTExMDAwMDAwMDAwMDAwMDAwMDAwMDAwMDExMDAwMDAwMDAwMDAwMDAwMDAwMDAwMDAwMDAwMDAwMDAxMTAwMDAwMDAwMDAwMDAwMDAwMDExMTExMTEx",
      "pttl": null,
      "type": "string",
      "value": {
        "data": "ADJ7InRlc3RfaW5kZXgiOiAxOCwgInRpbWVzdGFtcCI6IDE3NjkzNjY0MjUuNjI1Mzc5fQwAxqVlbhQ6jHw=",
        "encoding": "dump"
      }
    },
    {
      "key": "MDAwMDAwMDAwMDAwMDAwMDAwMDAwMDAwMDExMTExMDAwMDAwMDAwMDAwMDAwMDAwMDAwMDExMDAwMDAwMDAwMDAwMDAwMDAwMDAwMDAwMDAwMTExMTEwMDAwMDAwMDAwMDAwMDAwMDAxMTAwMDAwMDAw",
      "pttl": null,
      "type": "string",
      "value": {
        "data": "ADF7InRlc3RfaW5kZXgiOiA1LCAidGltZXN0YW1wIjogMTc2OTM2NjQyNS42MDIzNDV9DAC9uHFsdiC8Ew==",
        "encoding": "dump"
      }
    },
    {
      "key": "MDAwMDAwMDAwMDAwMDAwMDAwMDAwMDAwMDExMTExMDAwMDAwMDAwMDAwMDAwMDAwMDAwMDExMDAwMDAwMDAwMDAwMDAwMDAwMDAwMDAwMDExMTAwMDAwMDAwMDAwMDAwMDAwMDAwMDAwMTEwMDAwMDAw",
      "pttl": null,
      "type": "string",
      "value": {
        "data": "ADJ7InRlc3RfaW5kZXgiOiAxNCwgInRpbWVzdGFtcCI6IDE3NjkzNjY0MjUuNjIzMTM3fQwAoW48LnKaI9c=",
        "encoding": "dump"
      }
    },
    {
      "key": "MDAwMDAwMDAwMDAwMDAwMDAwMDAwMDAwMDExMTExMDAwMDAwMDAwMDAwMDAwMDAwMDAwMDExMDAwMDAwMDAwMDAwMDAwMDExMTExMDAwMDAwMDAwMDAwMDAwMDAwMDAwMDAwMDAwMDAwMTEwMDAwMDAw",
      "pttl": null,
      "type": "string",
      "value": {
        "data": "ADJ7InRlc3RfaW5kZXgiOiAxOSwgInRpbWVzdGFtcCI6IDE3NjkzNjY0MjUuNjI1OTU5fQwAQrzbsEdsfkw=",
        "encoding": "dump"
      }
    },
    {
      "key": "MDAwMDAwMDAwMDAwMDAwMDAwMDAwMDAwMDExMTExMDAwMDAwMDAwMDAwMDAwMDAwMDAwMTExMDAwMDAwMDAwMDAwMDAwMDAwMDAwMDAwMDAwMDAwMDAxMTAwMDAwMDAwMDAwMDExMTAwMDAwMDAwMDAw",
      "pttl": null,
      "type": "string",
      "value": {
        "data": "ADJ7InRlc3RfaW5kZXgiOiAxMywgInRpbWVzdGFtcCI6IDE3NjkzNjY0MjUuNjIyNTk2fQwAAgb0k7y3JWw=",
        "encoding": "dump"
      }
    },
    {
      "key": "MDAwMDAwMDAwMDAwMDAwMDAwMDAwMDAwMDExMTExMDAwMDAwMDAwMDAwMDAwMDAwMDAwMTExMDAwMDAwMDAwMDAwMDAwMDAwMDAwMDAwMDAwMTExMTEwMDAwMDAwMDAwMDAwMDAwMTExMDAwMDAwMDAw",
      "pttl": null,
      "type": "string",
      "value": {
        "data": "ADJ7InRlc3RfaW5kZXgiOiAxMiwgInRpbWVzdGFtcCI6IDE3NjkzNjY0MjUuNjIyMDYyfQwAfttL5oMsj2s=",
        "encoding": "dump"
      }
    },
    {
      "key": "MDAwMDAwMDAwMDAwMDAwMDAwMDAwMDAwMDExMTExMDAwMDAwMDAwMDAwMDAwMDAwMDAwMTExMDAwMDAwMDAwMDAwMDAwMDAwMDAwMDAwMDExMTAwMDAwMDAwMDAwMDAwMDAwMDAwMTEwMDAwMDAwMDAw",
      "pttl": null,
      "type": "string",
      "value": {
        "data": "ADN7InRlc3RfaW5kZXgiOiAxMCwgInRpbWVzdGFtcCI6IDE3NjkzNjY0MjUuNjIwODU5OX0MAJ3nxR5ImJSZ",
        "encoding": "dump"
      }
    },
    {
      "key": "MDAwMDAwMDAwMDAwMDAwMDAwMDAwMDAwMDExMTExMDAwMDAwMDAwMDAwMDAwMDAwMDAwMTExMDAwMDAwMDAwMDAwMDAwMDAwMDAxMTExMDAwMDAwMDAwMDAwMDAwMDAwMDExMDAwMDAwMDAwMDAwMDAw",
      "pttl": null,
      "type": "string",
      "value": {
        "data": "ADJ7InRlc3RfaW5kZXgiOiAxNSwgInRpbWVzdGFtcCI6IDE3NjkzNjY0MjUuNjIzNzE2fQwAf44XymXvyFQ=",
        "encoding": "dump"
      }
    },
    {
      "key": "MDAwMDAwMDAwMDAwMDAwMDAwMDAwMDAwMDExMTExMDAwMDAwMDAwMDAwMDAwMDAwMDAwMTExMDAwMDAwMDAwMDAwMDAwMDAwMDAxMTExMTEwMDAwMDAwMDAwMDAwMDExMTEwMDAwMDAwMDAwMDAwMDAw",
      "pttl": null,
      "type": "string",
      "value": {
        "data": "ADJ7InRlc3RfaW5kZXgiOiAxNywgInRpbWVzdGFtcCI6IDE3NjkzNjY0MjUuNjI0ODUzfQwAJXohCuz186o=",
        "encoding": "dump"
      }
    },
    {
      "key": "MDAwMDAwMDAwMDAwMDAwMDAwMDAwMDAwMDExMTExMDAwMDAwMDAwMDAwMDAwMDAwMTExMDAwMDAwMDAwMDAwMDAwMDAwMDAwMDAwMDAwMDExMTAwMDAwMDAwMDAxMTEwMDAwMDAwMDAwMDAwMDAwMDAw",
      "pttl": null,
      "type": "string",
      "value": {
        "data": "ADJ7InRlc3RfaW5kZXgiOiAzLCAidGltZXN0YW1wIjogMTc2OTM2NjQyNS42MDExMTIxfQwArahD3L2L7qg=",
        "encoding": "dump"
      }
    },
    {
      "key": "MDAwMDAwMDAwMDAwMDAwMDAwMDAwMDAwMDExMTExMDAwMDAwMDAwMDAwMDAwMDAwMTExMDAwMDAwMDAwMDAwMDAwMDAwMDAwMDAxMTExMTEwMDAwMDAwMDAwMDAwMDAwMDAwMDAwMTEwMDAwMDAwMDAw",
      "pttl": null,
      "type": "string",
      "value": {
        "data": "ADF7InRlc3RfaW5kZXgiOiA0LCAidGltZXN0YW1wIjogMTc2OTM2NjQyNS42MDE3NTh9DADGRUn+76uaKw==",
        "encoding": "dump"
      }
    },
    {
      "key": "MDAwMDAwMDAwMDAwMDAwMDAwMDAwMDAwMDExMTExMDAwMDAwMDAwMDAwMDAwMDAwMTExMDAwMDAwMDAwMDAwMDAwMDAwMDAwMDAxMTExMTEwMDAwMDAwMDAwMDAwMDAwMDAwMDExMTAwMDAwMDAwMDAw",
      "pttl": null,
      "type": "string",
      "value": {
        "data": "ADJ7InRlc3RfaW5kZXgiOiAxNiwgInRpbWVzdGFtcCI6IDE3NjkzNjY0MjUuNjI0MjU3fQwAU3MYY4CFP5U=",
        "encoding": "dump"
      }
    },
    {
      "key": "MDAwMDAwMDAwMDAwMDAwMDAwMDAwMTExMDAwMDAwMDAwMDAwMDAwMDAwMDAwMDAwMDAwMTExMDAwMDAwMDAxMTEwMDAwMDAwMDAwMDAwMDAwMDAwMDAwMDAwMDAwMDExMTEwMDAwMDAwMDAwMDAwMDAw",
      "pttl": null,
      "type": "string",
      "value": {
        "data": "ADF7InRlc3RfaW5kZXgiOiA5LCAidGltZXN0YW1wIjogMTc2OTM2NjQyNS42MjAyMTJ9DADiGpuRg5ShFQ==",
        "encoding": "dump"
      }
    },
    {
      "key": "MDAwMDAwMDAwMDAwMDAwMDAwMDAwMTExMDAwMDAwMDAwMDAwMDAwMDAwMDAwMDAwMTExMDAwMDAwMDAwMDAwMDExMDAwMDAwMDAwMDAwMDAwMDAwMDAwMDAwMDAwMDAwMDAwMDExMDAwMDAwMDAwMDAw",
      "pttl": null,
      "type": "string",
      "value": {
        "data": "ADJ7InRlc3RfaW5kZXgiOiAwLCAidGltZXN0YW1wIjogMTc2OTM2NjQyNS41OTkxMzE4fQwAXVeuz5H5v7U=",
        "encoding": "dump"
      }
    },
    {
      "key": "MDAwMDAwMDAwMDAwMDAwMDAwMDExMDAwMDAwMDAwMDAwMDAwMDAwMDExMTAwMDAwMDAwMDAwMDAwMDAwMDAwMDAxMTEwMDAwMDAwMDAwMDAwMDAwMDAwMDAxMTAwMDAwMDAwMDAwMDAwMDAwMDAwMDAw",
      "pttl": null,
      "type": "string",
      "value": {
        "data": "ADF7InRlc3RfaW5kZXgiOiA2LCAidGltZXN0YW1wIjogMTc2OTM2NjQyNS42MTgxNTh9DADngC/2rLGM8w==",
        "encoding": "dump"
      }
    },
    {
      "key": "MDAwMDAwMDAwMDAwMDAwMDExMDAwMDAwMDAwMDAwMDAwMDAwMDAwMDAwMDAwMDAwMTExMDAwMDAwMDAwMDAwMDAwMDAwMTExMTAwMDAwMDAwMDAwMDAwMDAwMDAwMDAwMDExMDAwMDAwMDAwMDAwMDAw",
      "pttl": null,
      "type": "string",
      "value": {
        "data": "ADN7InRlc3RfaW5kZXgiOiAxMSwgInRpbWVzdGFtcCI6IDE3NjkzNjY0MjUuNjIxNDc3MX0MAP5xBX8ze4hn",
        "encoding": "dump"
      }
    },
    {
      "key": "MDAwMDAwMDAwMDAwMDAwMTExMDAwMDAwMDAwMDAwMDAwMDAwMDAwMDAwMDAwMDAwMTExMDAwMDAwMDAwMDAwMDAxMTAwMDAwMDAwMDAwMDAwMDAwMDAwMDAwMDAwMDAwMDAwMDExMDAwMDAwMDAwMDAw",
      "pttl": null,
      "type": "string",
      "value": {
        "data": "ADF7InRlc3RfaW5kZXgiOiA4LCAidGltZXN0YW1wIjogMTc2OTM2NjQyNS42MTk1ODF9DAClyZjGAPgQ2Q==",
        "encoding": "dump"
      }
    },
    {
      "key": "MDAwMDAwMDAwMDAwMDExMDAwMDAwMDAwMDAwMDAwMDAwMDAwMDAwMDAwMDAwMDAxMTAwMDAwMTEwMDAwMDAwMDAwMDAwMDAwMDAwMDAwMDAwMDAwMDAwMDAwMDAxMTAwMDAwMDAwMDAwMDAwMDAwMDAw",
      "pttl": null,
      "type": "string",
      "value": {
        "data": "ADJ7InRlc3RfaW5kZXgiOiAxLCAidGltZXN0YW1wIjogMTc2OTM2NjQyNS41OTk4NDUyfQwAUrnblAcWBXs=",
        "encoding": "dump"
      }
    }
  ],
  "metadata": {
    "created_at_utc": "2026-01-25T18:40:27.217633Z",
    "key_count": 19,
    "scan_count": 1000,
    "source": {
      "db": 8,
      "host": "localhost",
      "port": 6379
    },
    "type_summary": {
      "string": 19
    }
  }
}