{
  "entries": [
    {
      "key": "MDAwMDAwMDAwMDAwMDAwMDAwMDAwMDAwMDAwMDExMDAwMDAwMDAwMDAwMDExMTEwMDAwMDAwMDAwMDAwMDAwMDAxMTEwMDAwMDAwMDAwMDAwMDAwMDAwMDAwMDAwMDAwMDExMDAwMDAwMDAwMDAwMDAw",
      "pttl": null,
      "type": "string",
      "value": {
        "data": "ABoyMDI2LTAxLTI1VDE5OjQwOjI2Ljc3MTE4NQwAwYkU90xTXek=",
        "encoding": "dump"
      }
    },
    {
      "key": "MDAwMDAwMDAwMDAwMDAwMDAwMDAwMDAwMDAwMDExMDAwMDAwMDAwMDAxMTAwMDAwMDAwMDAwMDAwMDAwMDAxMTEwMDAwMDAwMDAwMDAwMDAwMDAwMDAwMDAwMDAwMDAwMDAwMDAwMTEwMDAwMDAwMDAw",
      "pttl": null,
      "type": "string",
      "value": {
        "data": "ABoyMDI2LTAxLTI1VDE5OjQwOjI2LjkzMzY5MQwAax8XZ8bbYHU=",
        "encoding": "dump"
      }
    },
    {
      "key": "MDAwMDAwMDAwMDAwMDAwMDAwMDAwMDAwMDAwMTEwMDAwMDAwMDAwMDAwMDAwMDExMDAwMDAwMDAwMDAwMDAwMDExMDAwMDAwMDAwMDAwMDAwMDAwMDAwMDAwMDAwMDAwMDAwMDAwMTEwMDAwMDAwMDAw",
      "pttl": null,
      "type": "string",
      "value": {
        "data": "ABoyMDI2LTAxLTI1VDE5OjQwOjI3LjAwNDcyOQwAxsG2lMsEwGM=",
        "encoding": "dump"
      }
    },
    {
      "key": "MDAwMDAwMDAwMDAwMDAwMDAwMDAwMDAwMDExMTAwMDAwMDAwMDAwMDAwMDAwMDExMDAwMDAwMDAwMDAwMDExMTAwMDAwMDAwMDAwMDAwMDAwMDAwMDAwMDAwMDAwMDAwMTEwMDAwMDAwMDAwMDAwMDAw",
      "pttl": null,
      "type": "string",
      "value": {
        "data": "ABoyMDI2LTAxLTI1VDE5OjQwOjI2LjgwMDE4MQwA8j3NKOD/h+I=",
        "encoding": "dump"
      }
    },
    {
      "key": "MDAwMDAwMDAwMDAwMDAwMDAwMDAwMDAwMDExMTAwMDAwMDAwMDAwMDAwMDAwMDExMDAwMDAwMDAwMDAxMTAwMDAwMDAwMDAwMDAwMDAwMDAwMDAwMDAwMDAwMDAwMDAwMTEwMDAwMDAwMDAwMDAwMDAw",
      "pttl": null,
      "type": "string",
      "value": {
        "data": "ABoyMDI2LTAxLTI1VDE5OjQwOjI2LjgwODQxOAwA4MWBdFx6dg0=",
        "encoding": "dump"
      }
    },
    {
      "key": "MDAwMDAwMDAwMDAwMDAwMDAwMDAwMTExMDAwMDAwMDAwMDAwMDAwMDAwMDAwMDExMDAwMDAwMTExMTExMDAwMDAwMDAwMDAwMDAwMDAwMDAwMDAwMDAwMDAwMDAwMDAwMTEwMDAwMDAwMDAwMDAwMDAw",
      "pttl": null,
      "type": "string",
      "value": {
        "data": "ABoyMDI2LTAxLTI1VDE5OjQwOjI2Ljg1ODQ4MQwAdDVU+Z/vogw=",
        "encoding": "dump"
      }
    },
    {
      "key": "MDAwMDAwMDAwMDAwMDAwMDAwMDAxMTAwMDAwMDAwMDAwMDAwMDAwMDAwMDAwMDAxMTAwMDAwMDAwMDAwMDAwMDExMDAwMDAwMDAwMDAwMDAwMDAwMDAwMDAwMDAwMDAwMDAwMDExMDAwMDAwMDAwMDAw",
      "pttl": null,
      "type": "string",
      "value": {
        "data": "ABoyMDI2LTAxLTI1VDE5OjQwOjI2LjkwMzk1MAwAUIDeSgDpsYE=",
        "encoding": "dump"
      }
    },
    {
      "key": "MDAwMDAwMDAwMDAwMDAwMDAwMDAxMTAwMDAwMDAwMDAwMDAwMDAwMDAwMDAwMDAxMTAwMDAwMDAwMDAwMDAwMTEwMDAwMDAwMDAwMDAwMDAwMDAwMDAwMDAwMDAwMDAwMDAwMDExMDAwMDAwMDAwMDAw",
      "pttl": null,
      "type": "string",
      "value": {
        "data": "ABoyMDI2LTAxLTI1VDE5OjQwOjI2Ljg2OTUyOAwAjE65oqz4OwE=",
        "encoding": "dump"
      }
    },
    {
      "key": "MDAwMDAwMDAwMDAwMDAwMDAwMDAxMTAwMDAwMDAwMDAwMDAwMDAwMDExMDAwMDAwMDAwMDAwMDAxMTExMDAwMDAwMDAwMDAwMDAwMDAwMDAwMDAwMDAwMDAxMTAwMDAwMDAwMDAwMDAwMDAwMDAwMDAw",
      "pttl": null,
      "type": "string",
      "value": {
        "data": "ABoyMDI2LTAxLTI1VDE5OjQwOjI2LjgzMTQ4MgwAf+27Yc6smXA=",
        "encoding": "dump"
      }
    },
    {
      "key": "MDAwMDAwMDAwMDAwMDAwMDAwMDExMDAwMDAwMDAwMDAwMDAwMDAwMDAwMTEwMDAwMDAwMDAwMDExMTExMDAwMDAwMDAwMDAwMDAwMDAwMDAwMDAwMDAwMDExMDAwMDAwMDAwMDAwMDAwMDAwMDAwMDAw",
      "pttl": null,
      "type": "string",
      "value": {
        "data": "ABoyMDI2LTAxLTI1VDE5OjQwOjI2LjgxNTk3NgwA/YYP76bNvZg=",
        "encoding": "dump"
      }
    },
    {
      "key": "MDAwMDAwMDAwMDAwMDAwMDAwMDExMDAwMDAwMDAwMDAwMDAwMDAwMDExMTAwMDAwMDAwMDAwMDAwMDAwMDAwMDAwMDAwMDAwMDAwMDAxMTAwMDAwMDAwMDAxMTAwMDAwMDAwMDAwMDAwMDAwMDAwMDAw",
      "pttl": null,
      "type": "string",
      "value": {
        "data": "ABoyMDI2LTAxLTI1VDE5OjQwOjI2Ljc3ODUzMQwA5DifBOvTA8s=",
        "encoding": "dump"
      }
    },
    {
      "key": "MDAwMDAwMDAwMDAwMDAwMDAwMDExMDAwMDAwMDAwMDAwMDAwMDAwMDExMTAwMDAwMDAwMDAwMDAwMDAwMDAwMDAwMDAxMTEwMDAwMDAwMDAwMDAwMDAwMDAwMTEwMDAwMDAwMDAwMDAwMDAwMDAwMDAw",
      "pttl": null,
      "type": "string",
      "value": {
        "data": "ABoyMDI2LTAxLTI1VDE5OjQwOjI2Ljc5OTE5MQwAWebZW04Vdgg=",
        "encoding": "dump"
      }
    },
    {
      "key": "MDAwMDAwMDAwMDAwMDAwMDAwMDExMDAwMDAwMDAwMDAwMDAwMDAxMTEwMDAwMDAwMDAwMDAwMDAwMDAwMDAwMDAwMDAwMDAwMDAxMTExMDAwMDAwMDAwMDExMDAwMDAwMDAwMDAwMDAwMDAwMDAwMDAw",
      "pttl": null,
      "type": "string",
      "value": {
        "data": "ABoyMDI2LTAxLTI1VDE5OjQwOjI2LjgwNzg4MgwApJ/wdFfz858=",
        "encoding": "dump"
      }
    },
    {
      "key": "MDAwMDAwMDAwMDAwMDAwMDAxMTEwMDAwMDAwMDAwMDAwMDAwMDAwMDExMTAwMDAwMDAwMDAwMTExMTExMTExMTExMTExMTExMTExMTExMDAwMDAwMDAwMDExMTAwMDAwMDAwMDAwMDAwMDAwMDAwMDAw",
      "pttl": null,
      "type": "string",
      "value": {
        "data": "ABoyMDI2LTAxLTI1VDE5OjQwOjI2LjgyMTkxMAwA/QTeu7C+qvU=",
        "encoding": "dump"
      }
    },
    {
      "key": "MDAwMDAwMDAwMDAwMDAwMDExMDAwMDAwMDAwMDAwMDAwMDAwMDAwMDAwMDAwMDAwMTExMDAwMDAwMDAxMTAwMDAwMDAwMDAwMDAwMDAwMDAwMDAwMDAwMDAwMDAwMDAwMDAwMDAwMDExMDAwMDAwMDAw",
      "pttl": null,
      "type": "string",
      "value": {
        "data": "ABoyMDI2LTAxLTI1VDE5OjQwOjI2LjkxNjE3MAwA5yrVWid//0I=",
        "encoding": "dump"
      }
    },
    {
      "key": "MDAwMDAwMDAwMDAwMDAwMDExMDAwMDAwMDAwMDAwMDAwMDAwMDAwMDAwMDAwMDAxMTAwMDAwMDAwMDExMDAwMDAwMDAwMDAwMDAwMDAwMDAwMDAwMDAwMDAwMDAwMTEwMDAwMDAwMDAwMDAwMDAwMDAw",
      "pttl": null,
      "type": "string",
      "value": {
        "data": "ABoyMDI2LTAxLTI1VDE5OjQwOjI2LjkzMDQ3MAwASxGbstySRnk=",
        "encoding": "dump"
      }
    },
    {
      "key": "MDAwMDAwMDAwMDAwMDAxMTAwMDAwMDAwMDAwMDAwMDAwMDAwMDAwMDAwMDAwMDAwMTExMDAwMDAwMDAxMTAwMDAwMDAwMDAwMDAwMDAwMDAwMDAwMDAwMDAwMDAwMDAwMDAwMDAxMTEwMDAwMDAwMDAw",
      "pttl": null,
      "type": "string",
      "value": {
        "data": "ABoyMDI2LTAxLTI1VDE5OjQwOjI2Ljk5ODAxOQwAveiYD2plYh8=",
        "encoding": "dump"
      }
    },
    {
      "key": "MDAwMDAwMDAwMDAwMDExMDAwMDAwMDAwMDAwMDAwMDAwMDAwMDAwMDAwMDAwMDAxMTAwMDAwMDAxMTAwMDAwMDAwMDAwMDAwMDAwMDAwMDAwMDAwMDAwMDAwMDAxMTAwMDAwMDAwMDAwMDAwMDAwMDAw",
      "pttl": null,
      "type": "string",
      "value": {
        "data": "ABoyMDI2LTAxLTI1VDE5OjQwOjI2LjYxMjE2MgwAjD+M2gORHr0=",
        "encoding": "dump"
      }
    },
    {
      "key": "MDAwMDAwMDAwMDAwMDExMDAwMDAwMDAwMDAwMDAwMDAwMDAwMDAwMDAwMDAwMDAxMTAwMDAwMDExMDAwMDAwMDAwMDAwMDAwMDAwMDAwMDAwMDAwMDAwMDAwMDAwMDAwMDExMDAwMDAwMDAwMDAwMDAw",
      "pttl": null,
      "type": "string",
      "value": {
        "data": "ABoyMDI2LTAxLTI1VDE5OjQwOjI2LjY3Mzk2NAwAVpEAytLIjNc=",
        "encoding": "dump"
      }
    },
    {
      "key": "MDAwMDAwMDAwMDAwMDExMDAwMDAwMDAwMDAwMDAwMDAwMDAwMDAwMDAwMDAwMDExMDAwMDAwMDExMDAwMDAwMDAwMDAwMDAwMDAwMDAwMDAwMDAwMDAwMDExMTAwMDAwMDAwMDAwMDAwMDAwMDAwMDAw",
      "pttl": null,
      "type": "string",
      "value": {
        "data": "ABoyMDI2LTAxLTI1VDE5OjQwOjI2LjY4MTQ4NQwAe7Jyy90S8V4=",
        "encoding": "dump"
      }
    },
    {
      "key": "MDAwMDAwMDAwMDAwMTEwMDAwMDAwMDAwMDAwMDAwMDAwMDAwMDAwMDAwMDAwMDAxMTAwMDAwMDExMDAwMDAwMDAwMDAwMDAwMDAwMDAwMDAwMDAwMDAwMDAwMDAwMTExMDAwMDAwMDAwMDAwMDAwMDAw",
      "pttl": null,
      "type": "string",
      "value": {
        "data": "ABoyMDI2LTAxLTI1VDE5OjQwOjI2LjcxOTk2NgwAMBN7uHbIRmg=",
        "encoding": "dump"
      }
    }
  ],
  "metadata": {
    "created_at_utc": "2026-01-25T18:40:27.210846Z",
    "key_count": 21,
    "scan_count": 1000,
    "source": {
      "db": 5,
      "host": "localhost",
      "port": 6379
    },
    "type_summary": {
      "string": 21
    }
  }
}