{
  "entries": [
    {
      "key": "MDAwMDAwMDAwMDAwMDAwMDAwMDExMTAwMDAwMDAwMDAxMTExMTExMTExMTExMTExMTAwMDAwMDAwMDAwMDAwMDAwMDAwMDAwMDAxMTExMTExMTExMTEwMDAwMDAwMDAwMDAwMTExMTAwMDAwMDAwMDAw",
      "pttl": null,
      "type": "string",
      "value": {
        "data": "ABoyMDI2LTAxLTI1VDE5OjQwOjMxLjg1MTE0MwwADTilm0U9LLw=",
        "encoding": "dump"
      }
    },
    {
      "key": "MDAwMTExMTExMTExMTExMTExMDAwMDAwMDAwMDAwMDAxMTExMTExMTExMTExMTExMTExMDAwMTExMTExMTExMTExMDAwMDAwMDAwMDAwMDAwMDAwMDAwMDAwMDAwMDAwMDAwMDAwMDAxMTExMTExMTEx",
      "pttl": null,
      "type": "string",
      "value": {
        "data": "ABoyMDI2LTAxLTI1VDE5OjQwOjMyLjE0Mjg1NQwAiSxbrXRJZY0=",
        "encoding": "dump"
      }
    },
    {
      "key": "MDAwMTExMTExMTExMTExMTExMTEwMDAwMDAwMDAwMDAxMTExMTExMTExMTExMTEwMDAwMDAwMTExMTExMTExMTExMTExMTExMTExMTExMTExMTExMTExMTExMTExMTExMTExMTExMTExMTExMTExMTEx",
      "pttl": null,
      "type": "string",
      "value": {
        "data": "ABoyMDI2LTAxLTI1VDE5OjQwOjMyLjI1NTc1NQwADLlUGguQ6lM=",
        "encoding": "dump"
      }
    }
  ],
  "metadata": {
    "created_at_utc": "2026-01-25T18:40:32.320476Z",
    "key_count": 3,
    "scan_count": 1000,
    "source": {
      "db": 2,
      "host": "localhost",
      "port": 6379
    },
    "type_summary": {
      "string": 3
    }
  }
}