{
  "entries": [
    {
      "key": "MDAwMDAwMDAwMDAwMDAwMDAwMDAwMDAwMDAwMDExMDAwMDAwMDAwMDAwMTExMTExMTExMTExMTExMTExMTExMTExMTExMTExMTExMTExMTExMTExMTExMTAwMDAwMDAwMDAxMTExMTExMTExMTExMTEx",
      "pttl": null,
      "type": "string",
      "value": {
        "data": "ABoyMDI2LTAxLTI1VDE5OjQwOjAyLjk5MTkzMwwAZlI3oCrPE60=",
        "encoding": "dump"
      }
    },
    {
      "key": "MDAwMDAwMDAwMDAwMDAwMDAwMDAwMTExMTAwMDAwMDAwMDAwMDAwMDAwMDAwMDAxMTExMTExMTExMTExMTExMTExMTExMTExMTExMTExMTExMTExMTExMTExMTExMTExMTExMTExMTExMTExMTExMTEx",
      "pttl": null,
      "type": "string",
      "value": {
        "data": "ABoyMDI2LTAxLTI1VDE5OjQwOjAyLjg5NjE1MQwAfa4soJZswH4=",
        "encoding": "dump"
      }
    },
    {
      "key": "MDAwMDAwMDAwMDAwMDAwMDAwMDAwMTExMTExMTExMDAwMDAwMDAwMDAwMDAwMDAxMTExMTExMTExMTExMTExMTExMTExMTExMTExMTExMTExMTExMTExMTExMTExMTExMTExMTExMTExMTExMTExMTEx",
      "pttl": null,
      "type": "string",
      "value": {
        "data": "ABoyMDI2LTAxLTI1VDE5OjQwOjAyLjg1NDc2MwwAAudiqhL+45g=",
        "encoding": "dump"
      }
    },
    {
      "key": "MDAwMDAwMDAwMDAwMDAwMDAwMDExMDAwMDAwMDAwMDAwMDAwMDAwMDExMTAwMDAwMDAwMDAwMTExMTExMTExMTExMTExMTExMTExMTExMDAwMDAwMDAwMDExMTAwMDAwMDAwMDAwMDAwMDAwMDAwMDAw",
      "pttl": null,
      "type": "string",
      "value": {
        "data": "ABoyMDI2LTAxLTI1VDE5OjQwOjAyLjc3MTUzOQwAypNFMbvk7j4=",
        "encoding": "dump"
      }
    },
    {
      "key": "MDAwMDAwMDAwMDAwMDAwMTExMTExMTExMTExMTExMDAwMDAwMDAwMDAwMDAwMDAwMTExMTExMTExMTExMTExMTExMTExMTExMTExMTExMTExMTExMTExMTExMTExMTExMTExMTExMTEwMDAwMDAwMDAw",
      "pttl": null,
      "type": "string",
      "value": {
        "data": "ABoyMDI2LTAxLTI1VDE5OjQwOjAzLjEwMzA1NQwAg9lR/tacWoA=",
        "encoding": "dump"
      }
    },
    {
      "key": "MDAwMDAwMDAwMDAwMDExMTExMTExMTExMTExMTExMDAwMDAwMDAwMDAwMDAwMDAxMTExMTExMTExMDAwMDAwMDAwMDAwMDAwMDAwMDAwMDAwMDAwMDAwMDExMTExMTExMTEwMDAwMDAwMDAwMDAwMDAw",
      "pttl": null,
      "type": "string",
      "value": {
        "data": "ABoyMDI2LTAxLTI1VDE5OjQwOjAyLjgzNjA0NgwAQIi2WgokG/A=",
        "encoding": "dump"
      }
    }
  ],
  "metadata": {
    "created_at_utc": "2026-01-25T18:40:03.146868Z",
    "key_count": 6,
    "scan_count": 1000,
    "source": {
      "db": 2,
      "host": "localhost",
      "port": 6379
    },
    "type_summary": {
      "string": 6
    }
  }
}