{
  "entries": [
    {
      "key": "MDAwMDAwMDAwMDAwMDAwMDAwMDExMTAwMDAwMDAwMDAxMTExMTExMTExMTExMTExMTAwMDAwMDAwMDAwMDAwMDAwMDAwMDAwMDAxMTExMTExMTExMTEwMDAwMDAwMDAwMDAwMTExMTAwMDAwMDAwMDAw",
      "pttl": null,
      "type": "string",
      "value": {
        "data": "ABoyMDI2LTAxLTI1VDE5OjQwOjM5LjgyOTMwMAwA9WQXoiU597Q=",
        "encoding": "dump"
      }
    },
    {
      "key": "MDAwMDAwMDAwMDAwMDAxMTExMTEwMDAwMDAwMDAwMDAxMTExMTExMTExMTExMTEwMDAwMDAwMTExMTExMTExMTExMTExMTExMTExMTExMTExMTExMTExMTExMTExMTExMTExMTExMTExMTExMTExMTEx",
      "pttl": null,
      "type": "string",
      "value": {
        "data": "ABoyMDI2LTAxLTI1VDE5OjQwOjQwLjE5NzIxNgwATSOCNvDJzR8=",
        "encoding": "dump"
      }
    },
    {
      "key": "MDAwMTExMTExMTExMTExMTExMDAwMDAwMDAwMDAwMDAxMTExMTExMTExMTExMTExMTExMDAwMTExMTExMTExMTExMDAwMDAwMDAwMDAwMDAwMDAwMDAwMDAwMDAwMDAwMDAwMDAwMDAxMTExMTExMTEx",
      "pttl": null,
      "type": "string",
      "value": {
        "data": "ABoyMDI2LTAxLTI1VDE5OjQwOjQwLjA3NzUyOAwA6/P//8NQeQA=",
        "encoding": "dump"
      }
    },
    {
      "key": "MDAwMTExMTExMTExMTExMTExMTEwMDAwMDAwMDAwMDAxMTExMTExMTExMTExMTEwMDAwMDAwMTExMTExMTExMTExMTExMTExMTExMTExMTExMTExMTExMTExMTExMTExMTExMTExMTExMTExMTExMTEx",
      "pttl": null,
      "type": "string",
      "value": {
        "data": "ABoyMDI2LTAxLTI1VDE5OjQwOjQwLjE5MTkxOQwA18K2531JkjY=",
        "encoding": "dump"
      }
    }
  ],
  "metadata": {
    "created_at_utc": "2026-01-25T18:40:40.253333Z",
    "key_count": 4,
    "scan_count": 1000,
    "source": {
      "db": 2,
      "host": "localhost",
      "port": 6379
    },
    "type_summary": {
      "string": 4
    }
  }
}