{
  "entries": [
    {
      "key": "MTEwMDAwMDAwMDAwMDAwMDAwMDAwMDAwMDAwMDAwMTEwMDAwMDAwMDAwMDAwMDAwMDAwMDAwMTEwMDAwMDAwMDAwMDAwMDAwMDAwMDAwMDAwMDAwMDAwMDExMTExMTExMTAwMDAwMDAwMDAwMDAwMDAw",
      "pttl": null,
      "type": "string",
      "value": {
        "data": "ADF7InRlc3RfaW5kZXgiOiAxLCAidGltZXN0YW1wIjogMTc2OTM2NjQyMC42NTU1MDN9DAAe77/CYmb5NQ==",
        "encoding": "dump"
      }
    },
    {
      "key": "MTExMDAwMDAwMDAwMDAwMDAwMDAwMDAwMDAwMDAwMTEwMDAwMDAwMDAwMDAwMDAwMDAwMDAwMTExMTExMDAwMDAwMDAwMDAwMDAwMDAwMDAwMDAwMDAwMDAwMDAwMDAwMDExMTExMTExMTEwMDAwMDAw",
      "pttl": null,
      "type": "string",
      "value": {
        "data": "ADJ7InRlc3RfaW5kZXgiOiAxOCwgInRpbWVzdGFtcCI6IDE3NjkzNjY0MjAuNjc1OTk3fQwA9KCXfRxyiIA=",
        "encoding": "dump"
      }
    },
    {
      "key": "MTExMDAwMDAwMDAwMDAwMDAwMDAwMDAwMDAwMDAwMTExMDAwMDAwMDAwMDAwMDAwMDAwMDAwMDAwMDAxMTAwMDAwMDAwMDAwMDAwMDAwMDAwMDAwMDAwMDAwMDAwMDAwMDAwMDAwMDAwMDAxMTExMTAw",
      "pttl": null,
      "type": "string",
      "value": {
        "data": "ADF7InRlc3RfaW5kZXgiOiA5LCAidGltZXN0YW1wIjogMTc2OTM2NjQyMC42NzIwMzR9DAD6+Pm9wk6SfQ==",
        "encoding": "dump"
      }
    },
    {
      "key": "MTExMDAwMDAwMDAwMDAwMDAwMDAwMDAwMDAwMDAwMTExMDAwMDAwMDAwMDAwMDAwMDAwMDAwMTExMTExMDAwMDAwMDAwMDAwMDAwMDAwMDAwMDAwMDAwMDAwMDAwMDAwMDAwMDAwMDAwMDExMTExMTEx",
      "pttl": null,
      "type": "string",
      "value": {
        "data": "ADJ7InRlc3RfaW5kZXgiOiAxNywgInRpbWVzdGFtcCI6IDE3NjkzNjY0MjAuNjc1NjQzfQwA/Krs2YG3YlI=",
        "encoding": "dump"
      }
    }
  ],
  "metadata": {
    "created_at_utc": "2026-01-25T18:40:21.826866Z",
    "key_count": 4,
    "scan_count": 1000,
    "source": {
      "db": 8,
      "host": "localhost",
      "port": 6379
    },
    "type_summary": {
      "string": 4
    }
  }
}