{
  "entries": [
    {
      "key": "MDAwMDAwMDAwMDAwMDAwMDAwMDAwMDAwMDAwMDExMDAwMDAwMDAwMDAwMDExMTEwMDAwMDAwMDAwMDAwMDAwMDAxMTEwMDAwMDAwMDAwMDAwMDAwMDAwMDAwMDAwMDAwMDExMDAwMDAwMDAwMDAwMDAw",
      "pttl": null,
      "type": "string",
      "value": {
        "data": "ABoyMDI2LTAxLTI1VDE5OjQwOjE5LjIyOTQ0NAwAK+kQ4nnRJC4=",
        "encoding": "dump"
      }
    },
    {
      "key": "MDAwMDAwMDAwMDAwMDAwMDAwMDAwMDAwMDAwMDExMDAwMDAwMDAwMDAxMTAwMDAwMDAwMDAwMDAwMDAwMDAxMTEwMDAwMDAwMDAwMDAwMDAwMDAwMDAwMDAwMDAwMDAwMDAwMDAwMTEwMDAwMDAwMDAw",
      "pttl": null,
      "type": "string",
      "value": {
        "data": "ABoyMDI2LTAxLTI1VDE5OjQwOjE5LjM4NTM2NQwAeVxs5ku7pck=",
        "encoding": "dump"
      }
    },
    {
      "key": "MDAwMDAwMDAwMDAwMDAwMDAwMDAwMDAwMDAwMTEwMDAwMDAwMDAwMDAwMDAwMDExMDAwMDAwMDAwMDAwMDAwMDAwMTEwMDAwMDAwMDAwMDAwMDAwMDAwMDAwMDAwMTEwMDAwMDAwMDAwMDAwMDAwMDAw",
      "pttl": null,
      "type": "string",
      "value": {
        "data": "ABoyMDI2LTAxLTI1VDE5OjQwOjE5LjI0NjkwNwwAPQTfUTkjvUo=",
        "encoding": "dump"
      }
    },
    {
      "key": "MDAwMDAwMDAwMDAwMDAwMDAwMDAwMDAwMDAwMTEwMDAwMDAwMDAwMDAwMDAwMDExMDAwMDAwMDAwMDAwMDAwMDExMDAwMDAwMDAwMDAwMDAwMDAwMDAwMDAwMDAwMDAwMDAwMDAwMTEwMDAwMDAwMDAw",
      "pttl": null,
      "type": "string",
      "value": {
        "data": "ABoyMDI2LTAxLTI1VDE5OjQwOjE5LjQ0NTcyNAwAI4FCnQdFne0=",
        "encoding": "dump"
      }
    },
    {
      "key": "MDAwMDAwMDAwMDAwMDAwMDAwMDAwMTExMDAwMDAwMDAwMDAwMDAwMDAwMDAwMDExMDAwMDAwMDAwMDAwMDAwMDExMDAwMDAwMDAwMDAwMDAwMDAwMDAwMDAwMDAwMDAwMDExMDAwMDAwMDAwMDAwMDAw",
      "pttl": null,
      "type": "string",
      "value": {
        "data": "ABoyMDI2LTAxLTI1VDE5OjQwOjE5LjI5OTc5MwwAimWaTW04Bwc=",
        "encoding": "dump"
      }
    },
    {
      "key": "MDAwMDAwMDAwMDAwMDAwMDAwMDAxMTAwMDAwMDAwMDAwMDAwMDAwMDAwMDAwMDAxMTAwMDAwMDAwMDAwMDAwMDAwMDAwMDAwMDAwMDAwMDExMTExMDAwMDAwMDAwMDAwMDAxMTAwMDAwMDAwMDAwMDAw",
      "pttl": null,
      "type": "string",
      "value": {
        "data": "ABoyMDI2LTAxLTI1VDE5OjQwOjE5LjMyNjU5NAwA7lCo5hMygjA=",
        "encoding": "dump"
      }
    },
    {
      "key": "MDAwMDAwMDAwMDAwMDAwMDAwMDAxMTAwMDAwMDAwMDAwMDAwMDAwMDAwMDAwMDAxMTAwMDAwMDAwMDAwMDAwMDExMDAwMDAwMDAwMDAwMDAwMDAwMDAwMDAwMDAwMDAwMDAwMDAxMTAwMDAwMDAwMDAw",
      "pttl": null,
      "type": "string",
      "value": {
        "data": "ABoyMDI2LTAxLTI1VDE5OjQwOjE5LjMzNDkzOQwA3VffNtzbfDg=",
        "encoding": "dump"
      }
    },
    {
      "key": "MDAwMDAwMDAwMDAwMDAwMDAwMDAxMTAwMDAwMDAwMDAwMDAwMDAwMDExMDAwMDAwMDAwMDAwMDAxMTExMDAwMDAwMDAwMDAwMDAwMDAwMDAwMDAwMDAwMDExMDAwMDAwMDAwMDAwMDAwMDAwMDAwMDAw",
      "pttl": null,
      "type": "string",
      "value": {
        "data": "ABoyMDI2LTAxLTI1VDE5OjQwOjE5LjI3MDg5NwwAgZLkuTi3MIE=",
        "encoding": "dump"
      }
    },
    {
      "key": "MDAwMDAwMDAwMDAwMDAwMDAwMDExMDAwMDAwMDAwMDAwMDAwMDAwMDAwMTEwMDAwMDAwMDAwMDAwMDAwMTEwMDAwMDAwMDAwMDAwMDAwMDAwMDAwMDAwMDAxMTAwMDAwMDAwMDAwMDAwMDAwMDAwMDAw",
      "pttl": null,
      "type": "string",
      "value": {
        "data": "ABoyMDI2LTAxLTI1VDE5OjQwOjE5LjI1NDMwMAwARxJ+pPxFzbc=",
        "encoding": "dump"
      }
    },
    {
      "key": "MDAwMDAwMDAwMDAwMDAwMDAwMDExMDAwMDAwMDAwMDAwMDAwMDAwMDExMTAwMDAwMDAwMDAwMDAwMDAwMDAwMDAwMDAwMDAwMDAwMDAxMTAwMDAwMDAwMDAxMTAwMDAwMDAwMDAwMDAwMDAwMDAwMDAw",
      "pttl": null,
      "type": "string",
      "value": {
        "data": "ABoyMDI2LTAxLTI1VDE5OjQwOjE5LjIyMTA1OQwA/s7X9E1FHJM=",
        "encoding": "dump"
      }
    },
    {
      "key": "MDAwMDAwMDAwMDAwMDAwMDAwMDExMDAwMDAwMDAwMDAwMDAwMDAwMDExMTAwMDAwMDAwMDAwMDAwMDAwMDAwMDAxMTEwMDAwMDAwMDAwMDAwMDAwMDAwMDAwMTEwMDAwMDAwMDAwMDAwMDAwMDAwMDAw",
      "pttl": null,
      "type": "string",
      "value": {
        "data": "ABoyMDI2LTAxLTI1VDE5OjQwOjE5LjIzNjgyMQwAoyUob5ct+iU=",
        "encoding": "dump"
      }
    },
    {
      "key": "MDAwMDAwMDAwMDAwMDAwMDAwMDExMDAwMDAwMDAwMDAwMDAwMDAxMTEwMDAwMDAwMDAwMDAwMDExMTExMDAwMDAwMDAwMDAwMDAwMDAwMDAwMDAwMDAwMDExMDAwMDAwMDAwMDAwMDAwMDAwMDAwMDAw",
      "pttl": null,
      "type": "string",
      "value": {
        "data": "ABoyMDI2LTAxLTI1VDE5OjQwOjE5LjI0NTQ1NgwAIQELDjic7jo=",
        "encoding": "dump"
      }
    },
    {
      "key": "MDAwMDAwMDAwMDAwMDAwMDAxMTEwMDAwMDAwMDAwMDAwMDAwMDAwMDExMTAwMDAwMDAwMDAwMDAwMDAwMTExMTExMTExMTExMTExMTExMDAwMDAwMDAwMDExMTAwMDAwMDAwMDAwMDAwMDAwMDAwMDAw",
      "pttl": null,
      "type": "string",
      "value": {
        "data": "ABoyMDI2LTAxLTI1VDE5OjQwOjE5LjI2MTQ0MQwAwshOOz6QDxo=",
        "encoding": "dump"
      }
    },
    {
      "key": "MDAwMDAwMDAwMDAwMDAwMDExMDAwMDAwMDAwMDAwMDAwMDAwMDAwMDAwMDAwMDAwMTExMDAwMDAwMDAwMDAxMTEwMDAwMDAwMDAwMDAwMDAwMDAwMDAwMDAwMDAwMDAwMDAwMDAwMDExMDAwMDAwMDAw",
      "pttl": null,
      "type": "string",
      "value": {
        "data": "ABoyMDI2LTAxLTI1VDE5OjQwOjE5LjM1Njc5NwwAziwpKs6b42s=",
        "encoding": "dump"
      }
    },
    {
      "key": "MDAwMDAwMDAwMDAwMDAwMDExMDAwMDAwMDAwMDAwMDAwMDAwMDAwMDAwMDAwMDAxMTAwMDAwMDAwMDAxMTAwMDAwMDAwMDAwMDAwMDAwMDAwMDAwMDAwMDAwMDAwMDExMDAwMDAwMDAwMDAwMDAwMDAw",
      "pttl": null,
      "type": "string",
      "value": {
        "data": "ABoyMDI2LTAxLTI1VDE5OjQwOjE5LjM2NjE0MQwAmvtxT5TVZD8=",
        "encoding": "dump"
      }
    },
    {
      "key": "MDAwMDAwMDAwMDAwMDAxMTAwMDAwMDAwMDAwMDAwMDAwMDAwMDAwMDAwMDAwMDAwMTExMDAwMDAwMDAwMDAwMDExMDAwMDAwMDAwMDAwMDAwMDAwMDAwMDAwMDAwMDAwMDAwMDAxMTEwMDAwMDAwMDAw",
      "pttl": null,
      "type": "string",
      "value": {
        "data": "ABoyMDI2LTAxLTI1VDE5OjQwOjE5LjQyMTQyMgwA+VhJkh8Pfks=",
        "encoding": "dump"
      }
    },
    {
      "key": "MDAwMDAwMDAwMDAwMDExMDAwMDAwMDAwMDAwMDAwMDAwMDAwMDAwMDAwMDAwMDAxMTAwMDAwMDAxMTAwMDAwMDAwMDAwMDAwMDAwMDAwMDAwMDAwMDAwMDAwMDAxMTAwMDAwMDAwMDAwMDAwMDAwMDAw",
      "pttl": null,
      "type": "string",
      "value": {
        "data": "ABoyMDI2LTAxLTI1VDE5OjQwOjE5LjAzNjE0MAwAucwe7a2IBEA=",
        "encoding": "dump"
      }
    },
    {
      "key": "MDAwMDAwMDAwMDAwMDExMDAwMDAwMDAwMDAwMDAwMDAwMDAwMDAwMDAwMDAwMDAxMTAwMDAwMDExMDAwMDAwMDAwMDAwMDAwMDAwMDAwMDAwMDAwMDAwMDAwMDAwMDAwMDExMDAwMDAwMDAwMDAwMDAw",
      "pttl": null,
      "type": "string",
      "value": {
        "data": "ABoyMDI2LTAxLTI1VDE5OjQwOjE5LjExMjkwMwwACKSeSKgl8p8=",
        "encoding": "dump"
      }
    },
    {
      "key": "MDAwMDAwMDAwMDAwMDExMDAwMDAwMDAwMDAwMDAwMDAwMDAwMDAwMDAwMDAwMDExMDAwMDAwMDExMDAwMDAwMDAwMDAwMDAwMDAwMDAwMDAwMDAwMDAwMDAwMDAwMTExMTEwMDAwMDAwMDAwMDAwMDAw",
      "pttl": null,
      "type": "string",
      "value": {
        "data": "ABoyMDI2LTAxLTI1VDE5OjQwOjE5LjEyMTc1MgwAIPamnh5SVxc=",
        "encoding": "dump"
      }
    },
    {
      "key": "MDAwMDAwMDAwMDAwMTEwMDAwMDAwMDAwMDAwMDAwMDAwMDAwMDAwMDAwMDAwMDAxMTAwMDAwMDExMDAwMDAwMDAwMDAwMDAwMDAwMDAwMDAwMDAwMDAwMDAwMDAwMDAwMTEwMDAwMDAwMDAwMDAwMDAw",
      "pttl": null,
      "type": "string",
      "value": {
        "data": "ABoyMDI2LTAxLTI1VDE5OjQwOjE5LjE1NTg3NQwAMqKwF3x++UI=",
        "encoding": "dump"
      }
    }
  ],
  "metadata": {
    "created_at_utc": "2026-01-25T18:40:19.640559Z",
    "key_count": 20,
    "scan_count": 1000,
    "source": {
      "db": 5,
      "host": "localhost",
      "port": 6379
    },
    "type_summary": {
      "string": 20
    }
  }
}